{
    "parameters": [{
            "title": "Experiment - 1",
            "minimumLearningRate": "0.0001",
            "learningRateFactor": "0.1",
            "optimizer": "SGD",
            "numberOfEpochs": "20"
        },
        {
            "title": "Experiment - 2",
            "minimumLearningRate": "0.0001",
            "learningRateFactor": "0.15",
            "optimizer": "SGD",
            "numberOfEpochs": "20"
        },
        {
            "title": "Experiment - 3",
            "minimumLearningRate": "0.0001",
            "learningRateFactor": "0.20",
            "optimizer": "SGD",
            "numberOfEpochs": "20"
        },
        {
            "title": "Experiment - 4",
            "minimumLearningRate": "0.0001",
            "learningRateFactor": "0.1",
            "optimizer": "SGD",
            "numberOfEpochs": "50"
        },
        {
            "title": "Experiment - 5",
            "minimumLearningRate": "0.0001",
            "learningRateFactor": "0.15",
            "optimizer": "SGD",
            "numberOfEpochs": "50"
        },
        {
            "title": "Experiment - 6",
            "minimumLearningRate": "0.0001",
            "learningRateFactor": "0.20",
            "optimizer": "SGD",
            "numberOfEpochs": "50"
        },
        {
            "title": "Experiment - 7",
            "minimumLearningRate": "0.0001",
            "learningRateFactor": "0.1",
            "optimizer": "Adagrad",
            "numberOfEpochs": "20"
        },
        {
            "title": "Experiment - 8",
            "minimumLearningRate": "0.0001",
            "learningRateFactor": "0.15",
            "optimizer": "Adagrad",
            "numberOfEpochs": "20"
        },
        {
            "title": "Experiment - 9",
            "minimumLearningRate": "0.0001",
            "learningRateFactor": "0.20",
            "optimizer": "Adagrad",
            "numberOfEpochs": "20"
        },
        {
            "title": "Experiment - 10",
            "minimumLearningRate": "0.0001",
            "learningRateFactor": "0.1",
            "optimizer": "Adagrad",
            "numberOfEpochs": "50"
        },
        {
            "title": "Experiment - 11",
            "minimumLearningRate": "0.0001",
            "learningRateFactor": "0.15",
            "optimizer": "Adagrad",
            "numberOfEpochs": "50"
        },
        {
            "title": "Experiment - 12",
            "minimumLearningRate": "0.0001",
            "learningRateFactor": "0.20",
            "optimizer": "Adagrad",
            "numberOfEpochs": "50"
        },
        {
            "title": "Experiment - 13",
            "minimumLearningRate": "0.0001",
            "learningRateFactor": "0.1",
            "optimizer": "Adam",
            "numberOfEpochs": "20"
        },
        {
            "title": "Experiment - 14",
            "minimumLearningRate": "0.0001",
            "learningRateFactor": "0.15",
            "optimizer": "Adam",
            "numberOfEpochs": "20"
        },
        {
            "title": "Experiment - 15",
            "minimumLearningRate": "0.0001",
            "learningRateFactor": "0.20",
            "optimizer": "Adam",
            "numberOfEpochs": "20"
        },
        {
            "title": "Experiment - 16",
            "minimumLearningRate": "0.0001",
            "learningRateFactor": "0.1",
            "optimizer": "Adam",
            "numberOfEpochs": "50"
        },
        {
            "title": "Experiment - 17",
            "minimumLearningRate": "0.0001",
            "learningRateFactor": "0.15",
            "optimizer": "Adam",
            "numberOfEpochs": "50"
        },
        {
            "title": "Experiment - 18",
            "minimumLearningRate": "0.0001",
            "learningRateFactor": "0.20",
            "optimizer": "Adam",
            "numberOfEpochs": "50"
        }
       
    ]
}